"","country","city","Weekday.mean","year","drug"
"1","Belgium","Antwerp Zuid",239.64,2011,"amphetamine"
"2","Belgium","Brussels",24.63,2011,"amphetamine"
"4","Spain","Barcelona",11.31,2011,"amphetamine"
"5","Spain","Castellon",0,2011,"amphetamine"
"6","Spain","Santiago",30.58,2011,"amphetamine"
"14","Sweden","Umea",16.57,2011,"amphetamine"
"15","Belgium","Antwerp Zuid",0,2011,"cannabis"
"17","Spain","Barcelona",102.43,2011,"cannabis"
"18","Spain","Castellon",100.72,2011,"cannabis"
"19","Spain","Santiago",85.81,2011,"cannabis"
"20","Spain","Valencia (3)",12.78,2011,"cannabis"
"27","Sweden","Umea",0,2011,"cannabis"
"28","Belgium","Antwerp Zuid",610.56,2011,"cocaine"
"29","Belgium","Brussels",150.15,2011,"cocaine"
"31","Spain","Barcelona",331.8,2011,"cocaine"
"32","Spain","Castellon",368.74,2011,"cocaine"
"33","Spain","Santiago",149.82,2011,"cocaine"
"42","Sweden","Umea",1.98,2011,"cocaine"
"43","Belgium","Antwerp Zuid",31.37,2011,"MDMA"
"44","Belgium","Brussels",4.09,2011,"MDMA"
"46","Spain","Barcelona",9.47,2011,"MDMA"
"47","Spain","Castellon",0,2011,"MDMA"
"48","Spain","Santiago",4.31,2011,"MDMA"
"56","Sweden","Umea",0,2011,"MDMA"
"57","Belgium","Antwerp Zuid",4.75,2011,"methamphetamine"
"58","Belgium","Brussels",0,2011,"methamphetamine"
"60","Spain","Barcelona",7.34,2011,"methamphetamine"
"61","Spain","Castellon",0,2011,"methamphetamine"
"62","Spain","Santiago",0,2011,"methamphetamine"
"71","Sweden","Umea",3.45,2011,"methamphetamine"
"72","Belgium","Antwerp Deurne",110.8,2012,"amphetamine"
"73","Belgium","Antwerp Zuid",153.01,2012,"amphetamine"
"74","Belgium","Brussels",35.78,2012,"amphetamine"
"75","Switzerland","Basel",0,2012,"amphetamine"
"76","Switzerland","Berne",31.03,2012,"amphetamine"
"77","Switzerland","Geneva",50.35,2012,"amphetamine"
"78","Switzerland","Zurich",0,2012,"amphetamine"
"81","Spain","Barcelona",12.06,2012,"amphetamine"
"82","Spain","Castellon",0,2012,"amphetamine"
"83","Spain","Santiago",0,2012,"amphetamine"
"84","Finland","Helsinki",44.04,2012,"amphetamine"
"85","Finland","Turku",35.86,2012,"amphetamine"
"95","Belgium","Antwerp Deurne",67.55,2012,"cannabis"
"96","Belgium","Antwerp Zuid",125.39,2012,"cannabis"
"97","Belgium","Brussels",71.55,2012,"cannabis"
"100","Spain","Barcelona",86.38,2012,"cannabis"
"101","Spain","Castellon",109.49,2012,"cannabis"
"102","Spain","Santiago",95.89,2012,"cannabis"
"110","Sweden","Gothenburg",0,2012,"cannabis"
"111","Sweden","Umea",0,2012,"cannabis"
"112","Belgium","Antwerp Deurne",317.08,2012,"cocaine"
"113","Belgium","Antwerp Zuid",658.3,2012,"cocaine"
"114","Belgium","Brussels",149.2,2012,"cocaine"
"115","Switzerland","Basel",276.35,2012,"cocaine"
"116","Switzerland","Berne",252.98,2012,"cocaine"
"117","Switzerland","Geneva",381.05,2012,"cocaine"
"118","Switzerland","St. Gallen Hofen",183.78,2012,"cocaine"
"119","Switzerland","Zurich",378.06,2012,"cocaine"
"122","Spain","Barcelona",367,2012,"cocaine"
"123","Spain","Castellon",218.86,2012,"cocaine"
"124","Spain","Santiago",144.74,2012,"cocaine"
"125","Finland","Helsinki",5.47,2012,"cocaine"
"126","Finland","Turku",0,2012,"cocaine"
"134","Sweden","Gothenburg",17.63,2012,"cocaine"
"135","Sweden","Umea",0,2012,"cocaine"
"136","Belgium","Antwerp Deurne",19.09,2012,"MDMA"
"137","Belgium","Antwerp Zuid",49.9,2012,"MDMA"
"138","Belgium","Brussels",6.43,2012,"MDMA"
"139","Switzerland","Basel",4.66,2012,"MDMA"
"140","Switzerland","Berne",3.79,2012,"MDMA"
"141","Switzerland","Geneva",17.8,2012,"MDMA"
"142","Switzerland","St. Gallen Hofen",7.63,2012,"MDMA"
"143","Switzerland","Zurich",11.46,2012,"MDMA"
"146","Spain","Barcelona",12.15,2012,"MDMA"
"147","Spain","Castellon",0,2012,"MDMA"
"148","Spain","Santiago",2.65,2012,"MDMA"
"149","Finland","Helsinki",6.57,2012,"MDMA"
"150","Finland","Turku",0,2012,"MDMA"
"156","Sweden","Gothenburg",0,2012,"MDMA"
"157","Sweden","Umea",0,2012,"MDMA"
"158","Belgium","Antwerp Deurne",5.05,2012,"methamphetamine"
"159","Belgium","Antwerp Zuid",6.45,2012,"methamphetamine"
"160","Belgium","Brussels",2.18,2012,"methamphetamine"
"161","Switzerland","Basel",0,2012,"methamphetamine"
"162","Switzerland","Berne",20.88,2012,"methamphetamine"
"163","Switzerland","Geneva",0,2012,"methamphetamine"
"164","Switzerland","Zurich",0,2012,"methamphetamine"
"167","Spain","Barcelona",25.78,2012,"methamphetamine"
"168","Spain","Castellon",0,2012,"methamphetamine"
"169","Spain","Santiago",0,2012,"methamphetamine"
"177","Sweden","Gothenburg",44.22,2012,"methamphetamine"
"178","Sweden","Umea",1.16,2012,"methamphetamine"
"180","Belgium","Antwerp Deurne",118.24,2013,"amphetamine"
"181","Belgium","Antwerp Zuid",185.33,2013,"amphetamine"
"182","Belgium","Brussels",25.27,2013,"amphetamine"
"183","Belgium","Geraardsbergen",0.48,2013,"amphetamine"
"184","Belgium","Koksijde",23.1,2013,"amphetamine"
"185","Belgium","Ninove",120.23,2013,"amphetamine"
"186","Switzerland","Basel",38.51,2013,"amphetamine"
"187","Switzerland","Berne",17.23,2013,"amphetamine"
"188","Switzerland","Geneva",0,2013,"amphetamine"
"189","Switzerland","Zurich",46.11,2013,"amphetamine"
"194","Germany","Dortmund",85.54,2013,"amphetamine"
"195","Germany","Dresden",0,2013,"amphetamine"
"196","Germany","Dülmen",56.06,2013,"amphetamine"
"198","Spain","Barcelona",17.59,2013,"amphetamine"
"199","Spain","Castellon",9.41,2013,"amphetamine"
"200","Spain","Santiago",0,2013,"amphetamine"
"201","Spain","Valencia (3)",5.8,2013,"amphetamine"
"202","Finland","Helsinki",85.43,2013,"amphetamine"
"203","Finland","Turku",63.28,2013,"amphetamine"
"215","Sweden","Gothenburg",225.52,2013,"amphetamine"
"216","Sweden","Umea",19.3,2013,"amphetamine"
"219","Belgium","Antwerp Deurne",36.25,2013,"cannabis"
"220","Belgium","Antwerp Zuid",139.45,2013,"cannabis"
"221","Belgium","Geraardsbergen",24.37,2013,"cannabis"
"222","Belgium","Ninove",34.09,2013,"cannabis"
"223","Switzerland","Lausanne",94.84,2013,"cannabis"
"224","Switzerland","Lugano",59.77,2013,"cannabis"
"225","Germany","Berlin (4)",53.74,2013,"cannabis"
"226","Germany","Dortmund",81.92,2013,"cannabis"
"227","Germany","Dresden",27.34,2013,"cannabis"
"228","Germany","Dülmen",31.39,2013,"cannabis"
"229","Germany","Munich Gut_Grosslappen",41.1,2013,"cannabis"
"231","Spain","Barcelona",188.79,2013,"cannabis"
"232","Spain","Castellon",76.32,2013,"cannabis"
"233","Spain","Santiago",84.36,2013,"cannabis"
"234","Spain","Valencia (3)",94.67,2013,"cannabis"
"245","Belgium","Antwerp Deurne",378.22,2013,"cocaine"
"246","Belgium","Antwerp Zuid",765.77,2013,"cocaine"
"247","Belgium","Brussels",231.52,2013,"cocaine"
"248","Belgium","Geraardsbergen",16.9,2013,"cocaine"
"249","Belgium","Koksijde",42.32,2013,"cocaine"
"250","Belgium","Ninove",88.37,2013,"cocaine"
"251","Switzerland","Basel",419.27,2013,"cocaine"
"252","Switzerland","Berne",241.9,2013,"cocaine"
"253","Switzerland","Geneva",298.62,2013,"cocaine"
"254","Switzerland","St. Gallen Hofen",327.79,2013,"cocaine"
"255","Switzerland","Zurich",544.72,2013,"cocaine"
"260","Germany","Dortmund",285.29,2013,"cocaine"
"261","Germany","Dresden",5.44,2013,"cocaine"
"262","Germany","Dülmen",33.46,2013,"cocaine"
"264","Spain","Barcelona",450.01,2013,"cocaine"
"265","Spain","Castellon",140.59,2013,"cocaine"
"266","Spain","Santiago",103.78,2013,"cocaine"
"267","Spain","Valencia (3)",328.07,2013,"cocaine"
"281","Sweden","Gothenburg",23.89,2013,"cocaine"
"282","Sweden","Umea",5.02,2013,"cocaine"
"286","Belgium","Antwerp Deurne",24.87,2013,"MDMA"
"287","Belgium","Antwerp Zuid",54.52,2013,"MDMA"
"288","Belgium","Brussels",9.03,2013,"MDMA"
"289","Belgium","Geraardsbergen",3.77,2013,"MDMA"
"290","Belgium","Koksijde",5.64,2013,"MDMA"
"291","Belgium","Ninove",5.61,2013,"MDMA"
"292","Switzerland","Basel",16.26,2013,"MDMA"
"293","Switzerland","Berne",11.48,2013,"MDMA"
"294","Switzerland","Geneva",7.89,2013,"MDMA"
"295","Switzerland","St. Gallen Hofen",20.49,2013,"MDMA"
"296","Switzerland","Zurich",18.84,2013,"MDMA"
"301","Germany","Dortmund",5.09,2013,"MDMA"
"302","Germany","Dresden",0,2013,"MDMA"
"303","Germany","Dülmen",2.3,2013,"MDMA"
"305","Spain","Barcelona",18.12,2013,"MDMA"
"306","Spain","Castellon",2.56,2013,"MDMA"
"307","Spain","Valencia (3)",3.6,2013,"MDMA"
"308","Finland","Helsinki",12.34,2013,"MDMA"
"309","Finland","Turku",3.81,2013,"MDMA"
"322","Sweden","Gothenburg",5.67,2013,"MDMA"
"323","Sweden","Umea",3.54,2013,"MDMA"
"327","Belgium","Antwerp Deurne",5.96,2013,"methamphetamine"
"328","Belgium","Antwerp Zuid",4.93,2013,"methamphetamine"
"329","Belgium","Brussels",1.8,2013,"methamphetamine"
"330","Belgium","Geraardsbergen",0,2013,"methamphetamine"
"331","Belgium","Koksijde",0,2013,"methamphetamine"
"332","Belgium","Ninove",0,2013,"methamphetamine"
"333","Switzerland","Basel",17.06,2013,"methamphetamine"
"334","Switzerland","Berne",16.61,2013,"methamphetamine"
"335","Switzerland","Geneva",0,2013,"methamphetamine"
"336","Switzerland","St. Gallen Hofen",6.01,2013,"methamphetamine"
"337","Switzerland","Zurich",18.38,2013,"methamphetamine"
"342","Germany","Dortmund",0,2013,"methamphetamine"
"343","Germany","Dresden",141.03,2013,"methamphetamine"
"344","Germany","Dülmen",0,2013,"methamphetamine"
"346","Spain","Barcelona",26.02,2013,"methamphetamine"
"347","Spain","Castellon",0,2013,"methamphetamine"
"348","Spain","Santiago",0,2013,"methamphetamine"
"349","Spain","Valencia (3)",1.08,2013,"methamphetamine"
"362","Sweden","Gothenburg",0,2013,"methamphetamine"
"363","Sweden","Umea",0,2013,"methamphetamine"
"366","Belgium","Antwerp Deurne",62.38,2014,"amphetamine"
"367","Belgium","Antwerp Zuid",187.64,2014,"amphetamine"
"368","Belgium","Geraardsbergen",202.82,2014,"amphetamine"
"369","Belgium","Ninove",101.86,2014,"amphetamine"
"370","Switzerland","Basel",14.75,2014,"amphetamine"
"371","Switzerland","Berne",17.98,2014,"amphetamine"
"372","Switzerland","Geneva",0,2014,"amphetamine"
"373","Switzerland","Lausanne",5.59,2014,"amphetamine"
"374","Switzerland","Lugano",0,2014,"amphetamine"
"375","Switzerland","St. Gallen Hofen",21.73,2014,"amphetamine"
"376","Switzerland","Zurich",14.87,2014,"amphetamine"
"377","Germany","Berlin (4)",107.38,2014,"amphetamine"
"378","Germany","Dortmund",145.54,2014,"amphetamine"
"379","Germany","Dresden",21.3,2014,"amphetamine"
"380","Germany","Dülmen",57.48,2014,"amphetamine"
"381","Germany","Munich Gut_Grosslappen",13.66,2014,"amphetamine"
"382","Spain","Barcelona",22.34,2014,"amphetamine"
"383","Spain","Castellon",0,2014,"amphetamine"
"384","Spain","Santiago",0,2014,"amphetamine"
"385","Spain","Valencia (3)",14.87,2014,"amphetamine"
"386","Finland","Espoo",42.51,2014,"amphetamine"
"387","Finland","Helsinki",58.72,2014,"amphetamine"
"388","Finland","Joensuu",22.86,2014,"amphetamine"
"389","Finland","Jyväskylä",48.36,2014,"amphetamine"
"390","Finland","Kotka",105.53,2014,"amphetamine"
"391","Finland","Kuopio",29.33,2014,"amphetamine"
"392","Finland","Lahti",125.88,2014,"amphetamine"
"393","Finland","Lappeenranta",19.61,2014,"amphetamine"
"394","Finland","Oulu",22.84,2014,"amphetamine"
"395","Finland","Rovaniemi",35.7,2014,"amphetamine"
"396","Finland","Savonlinna",14.57,2014,"amphetamine"
"397","Finland","Tampere",35.77,2014,"amphetamine"
"398","Finland","Turku",51.77,2014,"amphetamine"
"399","Finland","Vaasa",34.43,2014,"amphetamine"
"410","Belgium","Antwerp Deurne",268.51,2014,"cocaine"
"411","Belgium","Antwerp Zuid",541.93,2014,"cocaine"
"412","Belgium","Geraardsbergen",50.01,2014,"cocaine"
"413","Belgium","Ninove",91.65,2014,"cocaine"
"414","Switzerland","Basel",406.63,2014,"cocaine"
"415","Switzerland","Berne",355.4,2014,"cocaine"
"416","Switzerland","Geneva",391.19,2014,"cocaine"
"417","Switzerland","Lausanne",254.26,2014,"cocaine"
"418","Switzerland","Lugano",247.7,2014,"cocaine"
"419","Switzerland","St. Gallen Hofen",274.55,2014,"cocaine"
"420","Switzerland","Zurich",465.74,2014,"cocaine"
"421","Germany","Berlin (4)",163.27,2014,"cocaine"
"422","Germany","Dortmund",267.38,2014,"cocaine"
"423","Germany","Dresden",7.47,2014,"cocaine"
"424","Germany","Dülmen",16.95,2014,"cocaine"
"425","Germany","Munich Gut_Grosslappen",73.22,2014,"cocaine"
"427","Spain","Barcelona",412.91,2014,"cocaine"
"428","Spain","Castellon",155.19,2014,"cocaine"
"429","Spain","Santiago",153.43,2014,"cocaine"
"430","Spain","Valencia (3)",370.25,2014,"cocaine"
"431","Finland","Espoo",4.99,2014,"cocaine"
"432","Finland","Helsinki",7.01,2014,"cocaine"
"433","Finland","Joensuu",1.31,2014,"cocaine"
"434","Finland","Jyväskylä",0.27,2014,"cocaine"
"435","Finland","Kotka",2.93,2014,"cocaine"
"436","Finland","Kuopio",5.41,2014,"cocaine"
"437","Finland","Lahti",9,2014,"cocaine"
"438","Finland","Lappeenranta",1.78,2014,"cocaine"
"439","Finland","Oulu",0.27,2014,"cocaine"
"440","Finland","Rovaniemi",0.46,2014,"cocaine"
"441","Finland","Savonlinna",0.7,2014,"cocaine"
"442","Finland","Tampere",0.77,2014,"cocaine"
"443","Finland","Turku",1.37,2014,"cocaine"
"444","Finland","Vaasa",0.72,2014,"cocaine"
"456","Belgium","Antwerp Deurne",8.87,2014,"MDMA"
"457","Belgium","Antwerp Zuid",40.36,2014,"MDMA"
"458","Belgium","Geraardsbergen",11.68,2014,"MDMA"
"459","Belgium","Ninove",7.49,2014,"MDMA"
"460","Switzerland","Basel",13.58,2014,"MDMA"
"461","Switzerland","Berne",8.46,2014,"MDMA"
"462","Switzerland","Geneva",9.44,2014,"MDMA"
"463","Switzerland","Lausanne",7.9,2014,"MDMA"
"464","Switzerland","Lugano",4.19,2014,"MDMA"
"465","Switzerland","St. Gallen Hofen",15.35,2014,"MDMA"
"466","Switzerland","Zurich",17.23,2014,"MDMA"
"467","Germany","Berlin (4)",26.08,2014,"MDMA"
"468","Germany","Dortmund",13.61,2014,"MDMA"
"469","Germany","Dresden",2.85,2014,"MDMA"
"470","Germany","Dülmen",4.24,2014,"MDMA"
"471","Germany","Munich Gut_Grosslappen",9.84,2014,"MDMA"
"473","Spain","Barcelona",15.99,2014,"MDMA"
"474","Spain","Castellon",3.78,2014,"MDMA"
"475","Spain","Santiago",11.53,2014,"MDMA"
"476","Spain","Valencia (3)",5.03,2014,"MDMA"
"477","Finland","Espoo",42.4,2014,"MDMA"
"478","Finland","Helsinki",7.4,2014,"MDMA"
"479","Finland","Joensuu",1.38,2014,"MDMA"
"480","Finland","Jyväskylä",4.37,2014,"MDMA"
"481","Finland","Kotka",3.89,2014,"MDMA"
"482","Finland","Kuopio",4.65,2014,"MDMA"
"483","Finland","Lahti",10.05,2014,"MDMA"
"484","Finland","Lappeenranta",5.12,2014,"MDMA"
"485","Finland","Oulu",32.23,2014,"MDMA"
"486","Finland","Rovaniemi",8.12,2014,"MDMA"
"487","Finland","Savonlinna",0.51,2014,"MDMA"
"488","Finland","Tampere",6.09,2014,"MDMA"
"489","Finland","Turku",4.65,2014,"MDMA"
"490","Finland","Vaasa",5.69,2014,"MDMA"
"501","Belgium","Antwerp Deurne",1.19,2014,"methamphetamine"
"502","Belgium","Antwerp Zuid",20.7,2014,"methamphetamine"
"503","Belgium","Geraardsbergen",0.36,2014,"methamphetamine"
"504","Belgium","Ninove",0.38,2014,"methamphetamine"
"505","Switzerland","Basel",14.31,2014,"methamphetamine"
"506","Switzerland","Berne",13.06,2014,"methamphetamine"
"507","Switzerland","Geneva",0,2014,"methamphetamine"
"508","Switzerland","Lausanne",2.94,2014,"methamphetamine"
"509","Switzerland","Lugano",0,2014,"methamphetamine"
"510","Switzerland","St. Gallen Hofen",4.44,2014,"methamphetamine"
"511","Switzerland","Zurich",19.22,2014,"methamphetamine"
"512","Germany","Berlin (4)",10.46,2014,"methamphetamine"
"513","Germany","Dortmund",0,2014,"methamphetamine"
"514","Germany","Dresden",137.04,2014,"methamphetamine"
"515","Germany","Dülmen",0,2014,"methamphetamine"
"516","Germany","Munich Gut_Grosslappen",0,2014,"methamphetamine"
"518","Spain","Barcelona",16.78,2014,"methamphetamine"
"519","Spain","Castellon",0,2014,"methamphetamine"
"520","Spain","Santiago",0,2014,"methamphetamine"
"521","Spain","Valencia (3)",1.16,2014,"methamphetamine"
"522","Finland","Espoo",3.81,2014,"methamphetamine"
"523","Finland","Helsinki",3.75,2014,"methamphetamine"
"524","Finland","Joensuu",1.99,2014,"methamphetamine"
"525","Finland","Jyväskylä",1.42,2014,"methamphetamine"
"526","Finland","Kotka",2,2014,"methamphetamine"
"527","Finland","Kuopio",7.2,2014,"methamphetamine"
"528","Finland","Lahti",23.33,2014,"methamphetamine"
"529","Finland","Lappeenranta",0.99,2014,"methamphetamine"
"530","Finland","Oulu",1.34,2014,"methamphetamine"
"531","Finland","Rovaniemi",2.52,2014,"methamphetamine"
"532","Finland","Savonlinna",43.68,2014,"methamphetamine"
"533","Finland","Tampere",1.21,2014,"methamphetamine"
"534","Finland","Turku",3.95,2014,"methamphetamine"
"535","Finland","Vaasa",2.96,2014,"methamphetamine"
"545","Austria","Klosterneuburg",0,2015,"amphetamine"
"546","Belgium","Antwerp Deurne",148.52,2015,"amphetamine"
"547","Belgium","Antwerp Zuid",258.21,2015,"amphetamine"
"548","Belgium","Brussels",48.8,2015,"amphetamine"
"549","Belgium","Geraardsbergen",214.04,2015,"amphetamine"
"550","Belgium","Koksijde",39.78,2015,"amphetamine"
"551","Belgium","Ninove",111.41,2015,"amphetamine"
"552","Belgium","Oostende",167.18,2015,"amphetamine"
"553","Switzerland","Basel",49.61,2015,"amphetamine"
"554","Switzerland","Berne",21.18,2015,"amphetamine"
"555","Switzerland","Geneva",6.3,2015,"amphetamine"
"556","Switzerland","Lausanne",9.22,2015,"amphetamine"
"557","Switzerland","Lugano",0,2015,"amphetamine"
"558","Switzerland","St. Gallen Hofen",29.26,2015,"amphetamine"
"559","Switzerland","Zurich",20.37,2015,"amphetamine"
"563","Germany","Berlin (4)",123.41,2015,"amphetamine"
"564","Germany","Dortmund",150.7,2015,"amphetamine"
"565","Germany","Dresden",13.87,2015,"amphetamine"
"566","Germany","Dülmen",43.04,2015,"amphetamine"
"567","Germany","Munich Gut_Grosslappen",0,2015,"amphetamine"
"569","Spain","Barcelona",31.29,2015,"amphetamine"
"570","Spain","Castellon",0,2015,"amphetamine"
"571","Spain","Molina de Segura",0,2015,"amphetamine"
"572","Spain","Santiago",0,2015,"amphetamine"
"573","Spain","Valencia (3)",11.05,2015,"amphetamine"
"574","Finland","Espoo",71.43,2015,"amphetamine"
"575","Finland","Helsinki",100.05,2015,"amphetamine"
"576","Finland","Tampere",42.22,2015,"amphetamine"
"577","Finland","Turku",74.91,2015,"amphetamine"
"595","Austria","Klosterneuburg",66.35,2015,"cocaine"
"596","Belgium","Antwerp Deurne",438.1,2015,"cocaine"
"597","Belgium","Antwerp Zuid",612.26,2015,"cocaine"
"598","Belgium","Brussels",384.8,2015,"cocaine"
"599","Belgium","Geraardsbergen",46.9,2015,"cocaine"
"600","Belgium","Koksijde",45.35,2015,"cocaine"
"601","Belgium","Ninove",73.29,2015,"cocaine"
"602","Belgium","Oostende",68.23,2015,"cocaine"
"603","Switzerland","Basel",38.72,2015,"cocaine"
"604","Switzerland","Berne",207.3,2015,"cocaine"
"605","Switzerland","Geneva",394.13,2015,"cocaine"
"606","Switzerland","Lausanne",253.48,2015,"cocaine"
"607","Switzerland","Lugano",225.15,2015,"cocaine"
"608","Switzerland","St. Gallen Hofen",417.43,2015,"cocaine"
"609","Switzerland","Zurich",434.59,2015,"cocaine"
"613","Germany","Berlin (4)",160.76,2015,"cocaine"
"614","Germany","Dortmund",249.97,2015,"cocaine"
"615","Germany","Dresden",6.51,2015,"cocaine"
"616","Germany","Dülmen",15.14,2015,"cocaine"
"617","Germany","Munich Gut_Grosslappen",36.37,2015,"cocaine"
"619","Spain","Barcelona",406.12,2015,"cocaine"
"620","Spain","Castellon",84.59,2015,"cocaine"
"621","Spain","Molina de Segura",226.28,2015,"cocaine"
"622","Spain","Santiago",98.48,2015,"cocaine"
"623","Spain","Valencia (3)",290.27,2015,"cocaine"
"624","Finland","Espoo",6.05,2015,"cocaine"
"625","Finland","Helsinki",5.38,2015,"cocaine"
"626","Finland","Tampere",4.41,2015,"cocaine"
"627","Finland","Turku",0.78,2015,"cocaine"
"647","Austria","Klosterneuburg",12.29,2015,"MDMA"
"648","Belgium","Antwerp Deurne",46.54,2015,"MDMA"
"649","Belgium","Antwerp Zuid",61.72,2015,"MDMA"
"650","Belgium","Brussels",9.77,2015,"MDMA"
"651","Belgium","Geraardsbergen",5.13,2015,"MDMA"
"652","Belgium","Koksijde",6.36,2015,"MDMA"
"653","Belgium","Ninove",8.91,2015,"MDMA"
"654","Belgium","Oostende",7.57,2015,"MDMA"
"655","Switzerland","Basel",9.6,2015,"MDMA"
"656","Switzerland","Berne",5.03,2015,"MDMA"
"657","Switzerland","Geneva",10.99,2015,"MDMA"
"658","Switzerland","Lausanne",16.29,2015,"MDMA"
"659","Switzerland","Lugano",4.72,2015,"MDMA"
"660","Switzerland","St. Gallen Hofen",13.26,2015,"MDMA"
"661","Switzerland","Zurich",12.81,2015,"MDMA"
"665","Germany","Berlin (4)",48.2,2015,"MDMA"
"666","Germany","Dortmund",9.61,2015,"MDMA"
"667","Germany","Dresden",3.2,2015,"MDMA"
"668","Germany","Dülmen",3.09,2015,"MDMA"
"669","Germany","Munich Gut_Grosslappen",10.92,2015,"MDMA"
"671","Spain","Barcelona",25.68,2015,"MDMA"
"672","Spain","Castellon",3.71,2015,"MDMA"
"673","Spain","Molina de Segura",3.96,2015,"MDMA"
"674","Spain","Santiago",13.5,2015,"MDMA"
"675","Spain","Valencia (3)",5.44,2015,"MDMA"
"676","Finland","Espoo",11.48,2015,"MDMA"
"677","Finland","Helsinki",14.46,2015,"MDMA"
"678","Finland","Tampere",14.4,2015,"MDMA"
"679","Finland","Turku",8.11,2015,"MDMA"
"696","Austria","Klosterneuburg",0,2015,"methamphetamine"
"697","Belgium","Antwerp Deurne",15.74,2015,"methamphetamine"
"698","Belgium","Antwerp Zuid",8.85,2015,"methamphetamine"
"699","Belgium","Brussels",3.45,2015,"methamphetamine"
"700","Belgium","Geraardsbergen",0,2015,"methamphetamine"
"701","Belgium","Koksijde",0.87,2015,"methamphetamine"
"702","Belgium","Ninove",1.07,2015,"methamphetamine"
"703","Belgium","Oostende",1.08,2015,"methamphetamine"
"704","Switzerland","Basel",99.05,2015,"methamphetamine"
"705","Switzerland","Berne",11.34,2015,"methamphetamine"
"706","Switzerland","Geneva",6.3,2015,"methamphetamine"
"707","Switzerland","Lausanne",2.29,2015,"methamphetamine"
"708","Switzerland","Lugano",0,2015,"methamphetamine"
"709","Switzerland","St. Gallen Hofen",0,2015,"methamphetamine"
"710","Switzerland","Zurich",20.5,2015,"methamphetamine"
"714","Germany","Berlin (4)",8.93,2015,"methamphetamine"
"715","Germany","Dortmund",0,2015,"methamphetamine"
"716","Germany","Dresden",146.45,2015,"methamphetamine"
"717","Germany","Dülmen",0,2015,"methamphetamine"
"718","Germany","Munich Gut_Grosslappen",6,2015,"methamphetamine"
"720","Spain","Barcelona",34.76,2015,"methamphetamine"
"721","Spain","Castellon",0,2015,"methamphetamine"
"722","Spain","Molina de Segura",0,2015,"methamphetamine"
"723","Spain","Santiago",0,2015,"methamphetamine"
"724","Spain","Valencia (3)",1.28,2015,"methamphetamine"
"725","Finland","Espoo",4.3,2015,"methamphetamine"
"726","Finland","Helsinki",3.97,2015,"methamphetamine"
"727","Finland","Tampere",4.03,2015,"methamphetamine"
"728","Finland","Turku",11.46,2015,"methamphetamine"
"747","Austria","Innsbruck",8.7,2016,"amphetamine"
"748","Belgium","Antwerp Deurne",88.3,2016,"amphetamine"
"749","Belgium","Antwerp Zuid",175.92,2016,"amphetamine"
"750","Belgium","Brussels",34.52,2016,"amphetamine"
"751","Belgium","Koksijde",30.03,2016,"amphetamine"
"752","Belgium","Oostende",156.53,2016,"amphetamine"
"753","Switzerland","Basel",25.47,2016,"amphetamine"
"754","Switzerland","Berne",24.58,2016,"amphetamine"
"755","Switzerland","Geneva",10.55,2016,"amphetamine"
"756","Switzerland","Lugano",0,2016,"amphetamine"
"757","Switzerland","St. Gallen Hofen",27.17,2016,"amphetamine"
"758","Switzerland","Zurich",28.21,2016,"amphetamine"
"762","Germany","Dortmund",155.21,2016,"amphetamine"
"763","Germany","Dresden",20.72,2016,"amphetamine"
"764","Germany","Dülmen",140.33,2016,"amphetamine"
"765","Germany","Munich Gut_Grosslappen",23.45,2016,"amphetamine"
"766","Spain","Barcelona",47.16,2016,"amphetamine"
"767","Spain","Castellon",0,2016,"amphetamine"
"768","Spain","Molina de Segura",0,2016,"amphetamine"
"769","Spain","Santiago",0,2016,"amphetamine"
"770","Spain","Valencia (3)",6.64,2016,"amphetamine"
"771","Finland","Espoo",59.95,2016,"amphetamine"
"772","Finland","Helsinki",84.78,2016,"amphetamine"
"773","Finland","Joensuu",26.82,2016,"amphetamine"
"774","Finland","Jyväskylä",18.68,2016,"amphetamine"
"775","Finland","Kotka",74.59,2016,"amphetamine"
"776","Finland","Kuopio",29.01,2016,"amphetamine"
"777","Finland","Lahti",124.44,2016,"amphetamine"
"778","Finland","Lappeenranta",32.49,2016,"amphetamine"
"779","Finland","Oulu",32.8,2016,"amphetamine"
"780","Finland","Rovaniemi",62.93,2016,"amphetamine"
"781","Finland","Savonlinna",11.37,2016,"amphetamine"
"782","Finland","Tampere",71.13,2016,"amphetamine"
"783","Finland","Turku",65.33,2016,"amphetamine"
"784","Finland","Vaasa",30.78,2016,"amphetamine"
"798","Sweden","Bratislava (2)",72.47,2016,"amphetamine"
"799","Sweden","Piestany",27.76,2016,"amphetamine"
"800","Austria","Innsbruck",127.75,2016,"cocaine"
"801","Belgium","Antwerp Deurne",374.45,2016,"cocaine"
"802","Belgium","Antwerp Zuid",745.17,2016,"cocaine"
"803","Belgium","Brussels",354.68,2016,"cocaine"
"804","Belgium","Koksijde",48.23,2016,"cocaine"
"805","Belgium","Oostende",74.5,2016,"cocaine"
"806","Switzerland","Basel",381.01,2016,"cocaine"
"807","Switzerland","Berne",299.41,2016,"cocaine"
"808","Switzerland","Geneva",416.97,2016,"cocaine"
"809","Switzerland","Lugano",356.64,2016,"cocaine"
"810","Switzerland","St. Gallen Hofen",373.51,2016,"cocaine"
"811","Switzerland","Zurich",610.15,2016,"cocaine"
"815","Germany","Dortmund",432.79,2016,"cocaine"
"816","Germany","Dresden",15.17,2016,"cocaine"
"817","Germany","Dülmen",62.87,2016,"cocaine"
"818","Germany","Munich Gut_Grosslappen",94.7,2016,"cocaine"
"819","Spain","Barcelona",575.95,2016,"cocaine"
"820","Spain","Castellon",310.83,2016,"cocaine"
"821","Spain","Molina de Segura",440.28,2016,"cocaine"
"822","Spain","Santiago",111.86,2016,"cocaine"
"823","Spain","Valencia (3)",165.37,2016,"cocaine"
"824","Finland","Espoo",6.42,2016,"cocaine"
"825","Finland","Helsinki",11.93,2016,"cocaine"
"826","Finland","Joensuu",0.95,2016,"cocaine"
"827","Finland","Jyväskylä",0,2016,"cocaine"
"828","Finland","Kotka",1.97,2016,"cocaine"
"829","Finland","Kuopio",0.86,2016,"cocaine"
"830","Finland","Lahti",14.95,2016,"cocaine"
"831","Finland","Lappeenranta",0,2016,"cocaine"
"832","Finland","Oulu",0,2016,"cocaine"
"833","Finland","Rovaniemi",2.34,2016,"cocaine"
"834","Finland","Savonlinna",0,2016,"cocaine"
"835","Finland","Tampere",4.54,2016,"cocaine"
"836","Finland","Turku",0.96,2016,"cocaine"
"837","Finland","Vaasa",0,2016,"cocaine"
"852","Sweden","Stockholm (2)",106.53,2016,"cocaine"
"855","Austria","Innsbruck",11.83,2016,"MDMA"
"856","Belgium","Antwerp Deurne",42.61,2016,"MDMA"
"857","Belgium","Antwerp Zuid",71.95,2016,"MDMA"
"858","Belgium","Brussels",11.5,2016,"MDMA"
"859","Belgium","Koksijde",3.29,2016,"MDMA"
"860","Belgium","Oostende",11.86,2016,"MDMA"
"861","Switzerland","Basel",14.61,2016,"MDMA"
"862","Switzerland","Berne",10.69,2016,"MDMA"
"863","Switzerland","Geneva",14.17,2016,"MDMA"
"864","Switzerland","Lugano",2.11,2016,"MDMA"
"865","Switzerland","St. Gallen Hofen",13.43,2016,"MDMA"
"866","Switzerland","Zurich",22.55,2016,"MDMA"
"870","Germany","Dortmund",17.92,2016,"MDMA"
"871","Germany","Dresden",9.21,2016,"MDMA"
"872","Germany","Dülmen",9.31,2016,"MDMA"
"873","Germany","Munich Gut_Grosslappen",12.19,2016,"MDMA"
"874","Spain","Barcelona",27.29,2016,"MDMA"
"875","Spain","Castellon",6.82,2016,"MDMA"
"876","Spain","Molina de Segura",0,2016,"MDMA"
"877","Spain","Santiago",2.2,2016,"MDMA"
"878","Spain","Valencia (3)",4.44,2016,"MDMA"
"879","Finland","Espoo",9.52,2016,"MDMA"
"880","Finland","Helsinki",12.26,2016,"MDMA"
"881","Finland","Joensuu",4.31,2016,"MDMA"
"882","Finland","Jyväskylä",9.02,2016,"MDMA"
"883","Finland","Kotka",7.81,2016,"MDMA"
"884","Finland","Kuopio",5.11,2016,"MDMA"
"885","Finland","Lahti",10.58,2016,"MDMA"
"886","Finland","Lappeenranta",4.01,2016,"MDMA"
"887","Finland","Oulu",7.47,2016,"MDMA"
"888","Finland","Rovaniemi",7.16,2016,"MDMA"
"889","Finland","Savonlinna",12.74,2016,"MDMA"
"890","Finland","Tampere",15.43,2016,"MDMA"
"891","Finland","Turku",9.32,2016,"MDMA"
"892","Finland","Vaasa",10.47,2016,"MDMA"
"906","Sweden","Stockholm (2)",22.29,2016,"MDMA"
"909","Austria","Innsbruck",1.93,2016,"methamphetamine"
"910","Belgium","Antwerp Deurne",3.47,2016,"methamphetamine"
"911","Belgium","Antwerp Zuid",7.91,2016,"methamphetamine"
"912","Belgium","Brussels",3.2,2016,"methamphetamine"
"913","Belgium","Koksijde",0,2016,"methamphetamine"
"914","Belgium","Oostende",0,2016,"methamphetamine"
"915","Switzerland","Basel",20.22,2016,"methamphetamine"
"916","Switzerland","Berne",9.31,2016,"methamphetamine"
"917","Switzerland","Geneva",7.1,2016,"methamphetamine"
"918","Switzerland","Lugano",0.38,2016,"methamphetamine"
"919","Switzerland","St. Gallen Hofen",2.49,2016,"methamphetamine"
"920","Switzerland","Zurich",24.64,2016,"methamphetamine"
"924","Germany","Dortmund",4.61,2016,"methamphetamine"
"925","Germany","Dresden",135.72,2016,"methamphetamine"
"926","Germany","Dülmen",2.62,2016,"methamphetamine"
"927","Germany","Munich Gut_Grosslappen",14.39,2016,"methamphetamine"
"928","Spain","Barcelona",22.93,2016,"methamphetamine"
"929","Spain","Castellon",0,2016,"methamphetamine"
"930","Spain","Molina de Segura",0,2016,"methamphetamine"
"931","Spain","Santiago",0,2016,"methamphetamine"
"932","Spain","Valencia (3)",0.85,2016,"methamphetamine"
"933","Finland","Espoo",86.5,2016,"methamphetamine"
"934","Finland","Helsinki",75.7,2016,"methamphetamine"
"935","Finland","Joensuu",2.31,2016,"methamphetamine"
"936","Finland","Jyväskylä",62.92,2016,"methamphetamine"
"937","Finland","Kotka",5.85,2016,"methamphetamine"
"938","Finland","Kuopio",28.65,2016,"methamphetamine"
"939","Finland","Lahti",5.14,2016,"methamphetamine"
"940","Finland","Lappeenranta",4.08,2016,"methamphetamine"
"941","Finland","Oulu",10.93,2016,"methamphetamine"
"942","Finland","Rovaniemi",11.25,2016,"methamphetamine"
"943","Finland","Savonlinna",16.23,2016,"methamphetamine"
"944","Finland","Tampere",4.11,2016,"methamphetamine"
"945","Finland","Turku",28.1,2016,"methamphetamine"
"946","Finland","Vaasa",1.82,2016,"methamphetamine"
"960","Sweden","Stockholm (2)",24.1,2016,"methamphetamine"
"963","Austria","Innsbruck",11.4,2017,"amphetamine"
"964","Belgium","Antwerp Zuid",357.98,2017,"amphetamine"
"965","Belgium","Boom",188.6,2017,"amphetamine"
"966","Belgium","Brussels",50.43,2017,"amphetamine"
"967","Belgium","Koksijde",41.26,2017,"amphetamine"
"968","Belgium","Merchtem",23.95,2017,"amphetamine"
"969","Belgium","Oostende",213.32,2017,"amphetamine"
"970","Belgium","Ruisbroek (Puurs)",54.09,2017,"amphetamine"
"971","Switzerland","Basel",29.35,2017,"amphetamine"
"972","Switzerland","Berne",50.28,2017,"amphetamine"
"973","Switzerland","Geneva",16.14,2017,"amphetamine"
"974","Switzerland","St. Gallen Hofen",41.04,2017,"amphetamine"
"975","Switzerland","Zurich",44.51,2017,"amphetamine"
"980","Germany","Berlin (4)",123.68,2017,"amphetamine"
"981","Germany","Chemnitz",0,2017,"amphetamine"
"982","Germany","Dortmund",145.37,2017,"amphetamine"
"983","Germany","Dresden",21.84,2017,"amphetamine"
"984","Germany","Dülmen",121.4,2017,"amphetamine"
"985","Germany","Erfurt",0,2017,"amphetamine"
"986","Germany","Frankfurt (3)",81,2017,"amphetamine"
"987","Germany","Hamburg (2)",60.19,2017,"amphetamine"
"988","Germany","Hannover (2)",75.66,2017,"amphetamine"
"989","Germany","Magdeburg",90.25,2017,"amphetamine"
"990","Germany","Mainz",238.59,2017,"amphetamine"
"991","Germany","Munich Gut_Grosslappen",20.69,2017,"amphetamine"
"992","Germany","Nuremberg",30.31,2017,"amphetamine"
"993","Germany","Rostock",138.45,2017,"amphetamine"
"994","Germany","Saarbrucken (2)",248.23,2017,"amphetamine"
"995","Germany","Stuttgart",67.08,2017,"amphetamine"
"996","Spain","Barcelona",36.38,2017,"amphetamine"
"997","Spain","Castellon",0,2017,"amphetamine"
"998","Spain","Madrid VdlV",0,2017,"amphetamine"
"999","Spain","Santiago",4.44,2017,"amphetamine"
"1000","Spain","Valencia (3)",21.88,2017,"amphetamine"
"1001","Finland","Espoo",32.08,2017,"amphetamine"
"1002","Finland","Helsinki",42.03,2017,"amphetamine"
"1003","Finland","Tampere",38.09,2017,"amphetamine"
"1004","Finland","Turku",53.05,2017,"amphetamine"
"1025","Slovenia","Ljubljana",38.22,2017,"amphetamine"
"1028","Austria","Innsbruck",186.49,2017,"cocaine"
"1029","Belgium","Antwerp Zuid",740.82,2017,"cocaine"
"1030","Belgium","Boom",382.46,2017,"cocaine"
"1031","Belgium","Brussels",336.8,2017,"cocaine"
"1032","Belgium","Koksijde",57.22,2017,"cocaine"
"1033","Belgium","Merchtem",226.69,2017,"cocaine"
"1034","Belgium","Oostende",125.64,2017,"cocaine"
"1035","Belgium","Ruisbroek (Puurs)",225.96,2017,"cocaine"
"1036","Switzerland","Basel",426.89,2017,"cocaine"
"1037","Switzerland","Berne",412.47,2017,"cocaine"
"1038","Switzerland","Geneva",633.02,2017,"cocaine"
"1039","Switzerland","St. Gallen Hofen",661.47,2017,"cocaine"
"1040","Switzerland","Zurich",702.26,2017,"cocaine"
"1043","Germany","Berlin (4)",282.36,2017,"cocaine"
"1044","Germany","Chemnitz",20.26,2017,"cocaine"
"1045","Germany","Dortmund",377.33,2017,"cocaine"
"1046","Germany","Dresden",17.05,2017,"cocaine"
"1047","Germany","Dülmen",84.19,2017,"cocaine"
"1048","Germany","Erfurt",38.33,2017,"cocaine"
"1049","Germany","Frankfurt (3)",379.79,2017,"cocaine"
"1050","Germany","Hamburg (2)",323.25,2017,"cocaine"
"1051","Germany","Hannover (2)",248.69,2017,"cocaine"
"1052","Germany","Magdeburg",113.66,2017,"cocaine"
"1053","Germany","Mainz",116.86,2017,"cocaine"
"1054","Germany","Munich Gut_Grosslappen",109.23,2017,"cocaine"
"1055","Germany","Nuremberg",9.28,2017,"cocaine"
"1056","Germany","Rostock",117.93,2017,"cocaine"
"1057","Germany","Saarbrucken (2)",187.39,2017,"cocaine"
"1058","Germany","Stuttgart",180.27,2017,"cocaine"
"1059","Spain","Barcelona",783.88,2017,"cocaine"
"1060","Spain","Castellon",285.92,2017,"cocaine"
"1061","Spain","Madrid VdlV",400.12,2017,"cocaine"
"1062","Spain","Santiago",253.35,2017,"cocaine"
"1063","Spain","Valencia (3)",361.41,2017,"cocaine"
"1064","Finland","Espoo",12.1,2017,"cocaine"
"1065","Finland","Helsinki",19.86,2017,"cocaine"
"1066","Finland","Tampere",12.72,2017,"cocaine"
"1067","Finland","Turku",3.28,2017,"cocaine"
"1087","Slovenia","Ljubljana",448.69,2017,"cocaine"
"1090","Austria","Innsbruck",10.48,2017,"MDMA"
"1091","Belgium","Antwerp Zuid",72.21,2017,"MDMA"
"1092","Belgium","Boom",20.12,2017,"MDMA"
"1093","Belgium","Brussels",20.48,2017,"MDMA"
"1094","Belgium","Koksijde",10.91,2017,"MDMA"
"1095","Belgium","Merchtem",7.93,2017,"MDMA"
"1096","Belgium","Oostende",13.74,2017,"MDMA"
"1097","Belgium","Ruisbroek (Puurs)",11.13,2017,"MDMA"
"1098","Switzerland","Basel",13.23,2017,"MDMA"
"1099","Switzerland","Berne",14.6,2017,"MDMA"
"1100","Switzerland","Geneva",21.97,2017,"MDMA"
"1101","Switzerland","St. Gallen Hofen",9.46,2017,"MDMA"
"1102","Switzerland","Zurich",46.61,2017,"MDMA"
"1107","Germany","Berlin (4)",50.89,2017,"MDMA"
"1108","Germany","Chemnitz",5.35,2017,"MDMA"
"1109","Germany","Dortmund",11.01,2017,"MDMA"
"1110","Germany","Dresden",4.94,2017,"MDMA"
"1111","Germany","Dülmen",4,2017,"MDMA"
"1112","Germany","Erfurt",4.32,2017,"MDMA"
"1113","Germany","Frankfurt (3)",22.94,2017,"MDMA"
"1114","Germany","Hamburg (2)",16.24,2017,"MDMA"
"1115","Germany","Hannover (2)",17.59,2017,"MDMA"
"1116","Germany","Magdeburg",18.24,2017,"MDMA"
"1117","Germany","Mainz",23.29,2017,"MDMA"
"1118","Germany","Munich Gut_Grosslappen",9.6,2017,"MDMA"
"1119","Germany","Nuremberg",5.6,2017,"MDMA"
"1120","Germany","Rostock",13.09,2017,"MDMA"
"1121","Germany","Saarbrucken (2)",22.12,2017,"MDMA"
"1122","Germany","Stuttgart",10.83,2017,"MDMA"
"1123","Spain","Barcelona",35.14,2017,"MDMA"
"1124","Spain","Castellon",7.51,2017,"MDMA"
"1125","Spain","Madrid VdlV",8.28,2017,"MDMA"
"1126","Spain","Santiago",4.85,2017,"MDMA"
"1127","Finland","Espoo",10.2,2017,"MDMA"
"1128","Finland","Helsinki",12.16,2017,"MDMA"
"1129","Finland","Tampere",26,2017,"MDMA"
"1130","Finland","Turku",8.02,2017,"MDMA"
"1151","Slovenia","Ljubljana",18.93,2017,"MDMA"
"1154","Austria","Innsbruck",2.32,2017,"methamphetamine"
"1155","Belgium","Antwerp Zuid",21.18,2017,"methamphetamine"
"1156","Belgium","Boom",0,2017,"methamphetamine"
"1157","Belgium","Brussels",6.36,2017,"methamphetamine"
"1158","Belgium","Koksijde",0,2017,"methamphetamine"
"1159","Belgium","Merchtem",0,2017,"methamphetamine"
"1160","Belgium","Oostende",0,2017,"methamphetamine"
"1161","Belgium","Ruisbroek (Puurs)",0,2017,"methamphetamine"
"1162","Switzerland","Basel",37.79,2017,"methamphetamine"
"1163","Switzerland","Berne",22.01,2017,"methamphetamine"
"1164","Switzerland","Geneva",16.37,2017,"methamphetamine"
"1165","Switzerland","St. Gallen Hofen",7.53,2017,"methamphetamine"
"1166","Switzerland","Zurich",60.5,2017,"methamphetamine"
"1171","Germany","Berlin (4)",18.3,2017,"methamphetamine"
"1172","Germany","Chemnitz",255.34,2017,"methamphetamine"
"1173","Germany","Dortmund",0,2017,"methamphetamine"
"1174","Germany","Dresden",179.15,2017,"methamphetamine"
"1175","Germany","Dülmen",0,2017,"methamphetamine"
"1176","Germany","Erfurt",199.6,2017,"methamphetamine"
"1177","Germany","Frankfurt (3)",7.85,2017,"methamphetamine"
"1178","Germany","Hamburg (2)",3.45,2017,"methamphetamine"
"1179","Germany","Hannover (2)",2.08,2017,"methamphetamine"
"1180","Germany","Magdeburg",80.56,2017,"methamphetamine"
"1181","Germany","Mainz",2.64,2017,"methamphetamine"
"1182","Germany","Munich Gut_Grosslappen",8.13,2017,"methamphetamine"
"1183","Germany","Nuremberg",74.34,2017,"methamphetamine"
"1184","Germany","Rostock",2.76,2017,"methamphetamine"
"1185","Germany","Saarbrucken (2)",0,2017,"methamphetamine"
"1186","Germany","Stuttgart",5.6,2017,"methamphetamine"
"1187","Spain","Barcelona",48.11,2017,"methamphetamine"
"1188","Spain","Castellon",0,2017,"methamphetamine"
"1189","Spain","Madrid VdlV",14.01,2017,"methamphetamine"
"1190","Spain","Santiago",0,2017,"methamphetamine"
"1191","Spain","Valencia (3)",6.98,2017,"methamphetamine"
"1192","Finland","Espoo",40.55,2017,"methamphetamine"
"1193","Finland","Helsinki",41.29,2017,"methamphetamine"
"1194","Finland","Tampere",24.23,2017,"methamphetamine"
"1195","Finland","Turku",9.39,2017,"methamphetamine"
"1215","Slovenia","Ljubljana",0,2017,"methamphetamine"
"1218","Austria","Hall-Wattens",4.87,2018,"amphetamine"
"1219","Austria","Innsbruck",14.39,2018,"amphetamine"
"1220","Austria","Region Millstattersee",7.25,2018,"amphetamine"
"1221","Austria","Wasserverband Hofsteig",10.97,2018,"amphetamine"
"1222","Belgium","Antwerp Zuid",172.76,2018,"amphetamine"
"1223","Belgium","Brugge",58.01,2018,"amphetamine"
"1224","Belgium","Brussels",31.44,2018,"amphetamine"
"1225","Belgium","Koksijde",44.53,2018,"amphetamine"
"1226","Belgium","Oostende",124.05,2018,"amphetamine"
"1227","Switzerland","Basel",34.4,2018,"amphetamine"
"1228","Switzerland","Berne",31.84,2018,"amphetamine"
"1229","Switzerland","Geneva",8.28,2018,"amphetamine"
"1230","Switzerland","St. Gallen Hofen",41.23,2018,"amphetamine"
"1231","Switzerland","Zurich",45.22,2018,"amphetamine"
"1236","Germany","Berlin (4)",138.77,2018,"amphetamine"
"1237","Germany","Chemnitz",17.5,2018,"amphetamine"
"1238","Germany","Dortmund",130.49,2018,"amphetamine"
"1239","Germany","Dresden",25.73,2018,"amphetamine"
"1240","Germany","Dülmen",105,2018,"amphetamine"
"1241","Germany","Erfurt",37.18,2018,"amphetamine"
"1242","Germany","Munich Gut_Grosslappen",3.7,2018,"amphetamine"
"1243","Germany","Saarbrucken (2)",374.7,2018,"amphetamine"
"1245","Spain","Barcelona",36.09,2018,"amphetamine"
"1246","Spain","Castellon",0,2018,"amphetamine"
"1247","Spain","Madrid VdlV",0,2018,"amphetamine"
"1248","Spain","Santiago",0,2018,"amphetamine"
"1249","Spain","Valencia (3)",13.41,2018,"amphetamine"
"1250","Finland","Espoo",78.28,2018,"amphetamine"
"1251","Finland","Helsinki",130.93,2018,"amphetamine"
"1252","Finland","Hämeenlinna",82.81,2018,"amphetamine"
"1253","Finland","Joensuu",56.55,2018,"amphetamine"
"1254","Finland","Jyväskylä",90.14,2018,"amphetamine"
"1255","Finland","Kajaani",34.21,2018,"amphetamine"
"1256","Finland","Kemi",118.4,2018,"amphetamine"
"1257","Finland","Kokkola",24.43,2018,"amphetamine"
"1258","Finland","Kotka",98.58,2018,"amphetamine"
"1259","Finland","Kouvola",149.94,2018,"amphetamine"
"1260","Finland","Kuopio",77.73,2018,"amphetamine"
"1261","Finland","Lahti",148.31,2018,"amphetamine"
"1262","Finland","Lappeenranta",52.27,2018,"amphetamine"
"1263","Finland","Mariehamn",50.94,2018,"amphetamine"
"1264","Finland","Mikkeli",88.45,2018,"amphetamine"
"1265","Finland","Oulu",69.62,2018,"amphetamine"
"1266","Finland","Pori",33.83,2018,"amphetamine"
"1267","Finland","Rovaniemi",129.88,2018,"amphetamine"
"1268","Finland","Savonlinna",17.9,2018,"amphetamine"
"1269","Finland","Seinäjoki",51.25,2018,"amphetamine"
"1270","Finland","Tampere",59.43,2018,"amphetamine"
"1271","Finland","Turku",64.43,2018,"amphetamine"
"1272","Finland","Vaasa",61.91,2018,"amphetamine"
"1289","Slovenia","Domžale-Kamnik",14.87,2018,"amphetamine"
"1290","Slovenia","Ljubljana",18.63,2018,"amphetamine"
"1291","Slovenia","Maribor",0.9,2018,"amphetamine"
"1295","Austria","Hall-Wattens",73.08,2018,"cannabis"
"1296","Austria","Innsbruck",81.68,2018,"cannabis"
"1297","Austria","Region Millstattersee",43.26,2018,"cannabis"
"1298","Austria","Wasserverband Hofsteig",74.17,2018,"cannabis"
"1301","Spain","Barcelona",208.73,2018,"cannabis"
"1302","Spain","Castellon",77.58,2018,"cannabis"
"1303","Spain","Madrid VdlV",59.08,2018,"cannabis"
"1304","Spain","Santiago",60.87,2018,"cannabis"
"1305","Spain","Valencia (3)",27.91,2018,"cannabis"
"1320","Slovenia","Domžale-Kamnik",20.27,2018,"cannabis"
"1321","Slovenia","Ljubljana",36.44,2018,"cannabis"
"1324","Austria","Hall-Wattens",165.59,2018,"cocaine"
"1325","Austria","Innsbruck",285.91,2018,"cocaine"
"1326","Austria","Region Millstattersee",56.45,2018,"cocaine"
"1327","Austria","Wasserverband Hofsteig",133.62,2018,"cocaine"
"1328","Belgium","Antwerp Zuid",686.02,2018,"cocaine"
"1329","Belgium","Brugge",73.1,2018,"cocaine"
"1330","Belgium","Brussels",357.2,2018,"cocaine"
"1331","Belgium","Koksijde",73.15,2018,"cocaine"
"1332","Belgium","Oostende",102.19,2018,"cocaine"
"1333","Switzerland","Basel",530.38,2018,"cocaine"
"1334","Switzerland","Berne",465.48,2018,"cocaine"
"1335","Switzerland","Geneva",490.41,2018,"cocaine"
"1336","Switzerland","St. Gallen Hofen",565.3,2018,"cocaine"
"1337","Switzerland","Zurich",703.15,2018,"cocaine"
"1340","Germany","Berlin (4)",306.05,2018,"cocaine"
"1341","Germany","Chemnitz",9.45,2018,"cocaine"
"1342","Germany","Dortmund",329.04,2018,"cocaine"
"1343","Germany","Dresden",25.76,2018,"cocaine"
"1344","Germany","Dülmen",68.01,2018,"cocaine"
"1345","Germany","Erfurt",37.16,2018,"cocaine"
"1346","Germany","Munich Gut_Grosslappen",152.88,2018,"cocaine"
"1347","Germany","Saarbrucken (2)",156.12,2018,"cocaine"
"1349","Spain","Barcelona",634.45,2018,"cocaine"
"1350","Spain","Castellon",363.1,2018,"cocaine"
"1351","Spain","Madrid VdlV",275.23,2018,"cocaine"
"1352","Spain","Santiago",255.4,2018,"cocaine"
"1353","Spain","Valencia (3)",444.83,2018,"cocaine"
"1354","Finland","Espoo",23.26,2018,"cocaine"
"1355","Finland","Helsinki",43.96,2018,"cocaine"
"1356","Finland","Hämeenlinna",8.02,2018,"cocaine"
"1357","Finland","Joensuu",2.79,2018,"cocaine"
"1358","Finland","Jyväskylä",3.36,2018,"cocaine"
"1359","Finland","Kajaani",0.45,2018,"cocaine"
"1360","Finland","Kemi",2.59,2018,"cocaine"
"1361","Finland","Kokkola",0.64,2018,"cocaine"
"1362","Finland","Kotka",13.97,2018,"cocaine"
"1363","Finland","Kouvola",6.62,2018,"cocaine"
"1364","Finland","Kuopio",1.11,2018,"cocaine"
"1365","Finland","Lahti",33.24,2018,"cocaine"
"1366","Finland","Lappeenranta",3.16,2018,"cocaine"
"1367","Finland","Mariehamn",26.87,2018,"cocaine"
"1368","Finland","Mikkeli",2.6,2018,"cocaine"
"1369","Finland","Oulu",1.84,2018,"cocaine"
"1370","Finland","Pori",2.89,2018,"cocaine"
"1371","Finland","Rovaniemi",3.13,2018,"cocaine"
"1372","Finland","Savonlinna",1.79,2018,"cocaine"
"1373","Finland","Seinäjoki",1,2018,"cocaine"
"1374","Finland","Tampere",19.08,2018,"cocaine"
"1375","Finland","Turku",5.22,2018,"cocaine"
"1376","Finland","Vaasa",1.24,2018,"cocaine"
"1395","Slovenia","Domžale-Kamnik",111.07,2018,"cocaine"
"1396","Slovenia","Ljubljana",259.45,2018,"cocaine"
"1397","Slovenia","Maribor",73.97,2018,"cocaine"
"1400","Austria","Hall-Wattens",5.12,2018,"MDMA"
"1401","Austria","Innsbruck",15.79,2018,"MDMA"
"1402","Austria","Region Millstattersee",3.59,2018,"MDMA"
"1403","Austria","Wasserverband Hofsteig",4.79,2018,"MDMA"
"1404","Belgium","Brugge",7.46,2018,"MDMA"
"1405","Belgium","Brussels",13.67,2018,"MDMA"
"1406","Belgium","Koksijde",3.73,2018,"MDMA"
"1407","Belgium","Oostende",8.25,2018,"MDMA"
"1408","Switzerland","Basel",16.02,2018,"MDMA"
"1409","Switzerland","Berne",11.81,2018,"MDMA"
"1410","Switzerland","Geneva",18.81,2018,"MDMA"
"1411","Switzerland","St. Gallen Hofen",19.4,2018,"MDMA"
"1412","Switzerland","Zurich",29.72,2018,"MDMA"
"1417","Germany","Berlin (4)",61.18,2018,"MDMA"
"1418","Germany","Chemnitz",10.08,2018,"MDMA"
"1419","Germany","Dortmund",16.73,2018,"MDMA"
"1420","Germany","Dresden",8.64,2018,"MDMA"
"1421","Germany","Dülmen",9.04,2018,"MDMA"
"1422","Germany","Erfurt",11.15,2018,"MDMA"
"1423","Germany","Munich Gut_Grosslappen",10.67,2018,"MDMA"
"1424","Germany","Saarbrucken (2)",26.9,2018,"MDMA"
"1426","Spain","Barcelona",25.22,2018,"MDMA"
"1427","Spain","Castellon",1.14,2018,"MDMA"
"1428","Spain","Madrid VdlV",5.52,2018,"MDMA"
"1429","Spain","Santiago",8,2018,"MDMA"
"1430","Spain","Valencia (3)",9.9,2018,"MDMA"
"1431","Finland","Espoo",12.81,2018,"MDMA"
"1432","Finland","Helsinki",19.6,2018,"MDMA"
"1433","Finland","Hämeenlinna",7.35,2018,"MDMA"
"1434","Finland","Joensuu",10.95,2018,"MDMA"
"1435","Finland","Jyväskylä",13.44,2018,"MDMA"
"1436","Finland","Kajaani",5.02,2018,"MDMA"
"1437","Finland","Kemi",6.56,2018,"MDMA"
"1438","Finland","Kokkola",3.17,2018,"MDMA"
"1439","Finland","Kotka",10.57,2018,"MDMA"
"1440","Finland","Kouvola",7,2018,"MDMA"
"1441","Finland","Kuopio",6.14,2018,"MDMA"
"1442","Finland","Lahti",13.85,2018,"MDMA"
"1443","Finland","Lappeenranta",6.82,2018,"MDMA"
"1444","Finland","Mariehamn",23.62,2018,"MDMA"
"1445","Finland","Mikkeli",15.54,2018,"MDMA"
"1446","Finland","Oulu",11.48,2018,"MDMA"
"1447","Finland","Pori",10.88,2018,"MDMA"
"1448","Finland","Rovaniemi",31.89,2018,"MDMA"
"1449","Finland","Savonlinna",4.51,2018,"MDMA"
"1450","Finland","Seinäjoki",12.31,2018,"MDMA"
"1451","Finland","Tampere",10.67,2018,"MDMA"
"1452","Finland","Turku",8.36,2018,"MDMA"
"1453","Finland","Vaasa",7.03,2018,"MDMA"
"1471","Slovenia","Domžale-Kamnik",3.78,2018,"MDMA"
"1472","Slovenia","Ljubljana",15.43,2018,"MDMA"
"1473","Slovenia","Maribor",2.93,2018,"MDMA"
"1476","Austria","Hall-Wattens",1.38,2018,"methamphetamine"
"1477","Austria","Innsbruck",2.35,2018,"methamphetamine"
"1478","Austria","Region Millstattersee",0,2018,"methamphetamine"
"1479","Austria","Wasserverband Hofsteig",1.04,2018,"methamphetamine"
"1480","Belgium","Antwerp Zuid",17.39,2018,"methamphetamine"
"1481","Belgium","Brugge",0,2018,"methamphetamine"
"1482","Belgium","Brussels",7.15,2018,"methamphetamine"
"1483","Belgium","Koksijde",0,2018,"methamphetamine"
"1484","Belgium","Oostende",0,2018,"methamphetamine"
"1489","Germany","Berlin (4)",17.19,2018,"methamphetamine"
"1490","Germany","Chemnitz",175.77,2018,"methamphetamine"
"1491","Germany","Dortmund",3.7,2018,"methamphetamine"
"1492","Germany","Dresden",164.99,2018,"methamphetamine"
"1493","Germany","Dülmen",0,2018,"methamphetamine"
"1494","Germany","Erfurt",205.25,2018,"methamphetamine"
"1495","Germany","Munich Gut_Grosslappen",4.59,2018,"methamphetamine"
"1496","Germany","Saarbrucken (2)",2.16,2018,"methamphetamine"
"1498","Spain","Barcelona",48.36,2018,"methamphetamine"
"1499","Spain","Castellon",0,2018,"methamphetamine"
"1500","Spain","Madrid VdlV",6.97,2018,"methamphetamine"
"1501","Spain","Santiago",0,2018,"methamphetamine"
"1502","Spain","Valencia (3)",1.21,2018,"methamphetamine"
"1503","Finland","Espoo",7.51,2018,"methamphetamine"
"1504","Finland","Helsinki",17.38,2018,"methamphetamine"
"1505","Finland","Hämeenlinna",4.65,2018,"methamphetamine"
"1506","Finland","Joensuu",2.46,2018,"methamphetamine"
"1507","Finland","Jyväskylä",41.81,2018,"methamphetamine"
"1508","Finland","Kajaani",3.27,2018,"methamphetamine"
"1509","Finland","Kemi",2.58,2018,"methamphetamine"
"1510","Finland","Kokkola",1.44,2018,"methamphetamine"
"1511","Finland","Kotka",5.05,2018,"methamphetamine"
"1512","Finland","Kouvola",8.55,2018,"methamphetamine"
"1513","Finland","Kuopio",18.3,2018,"methamphetamine"
"1514","Finland","Lahti",19.34,2018,"methamphetamine"
"1515","Finland","Lappeenranta",6.56,2018,"methamphetamine"
"1516","Finland","Mariehamn",1.02,2018,"methamphetamine"
"1517","Finland","Mikkeli",7.75,2018,"methamphetamine"
"1518","Finland","Oulu",2.99,2018,"methamphetamine"
"1519","Finland","Pori",4.22,2018,"methamphetamine"
"1520","Finland","Rovaniemi",4.9,2018,"methamphetamine"
"1521","Finland","Savonlinna",2.92,2018,"methamphetamine"
"1522","Finland","Seinäjoki",4.07,2018,"methamphetamine"
"1523","Finland","Tampere",20.65,2018,"methamphetamine"
"1524","Finland","Turku",5.97,2018,"methamphetamine"
"1525","Finland","Vaasa",17.99,2018,"methamphetamine"
"1544","Slovenia","Domžale-Kamnik",0,2018,"methamphetamine"
"1545","Slovenia","Ljubljana",2.72,2018,"methamphetamine"
"1546","Slovenia","Maribor",0,2018,"methamphetamine"
